{"cameraMode":{"drawMode":0,"name":"Shaded","section":"Shading Mode"},"sceneLighting":true,"audioPlay":false,"sceneViewState":{"showFog":false,"showMaterialUpdate":false,"showSkybox":false,"showFlares":false,"showImageEffects":false,"showParticleSystems":false},"in2DMode":false,"pivot":{"x":0.1636386513710022,"y":0.1428806185722351,"z":0.07174208760261536},"rotation":{"x":-0.32770779728889468,"y":-0.41070491075515749,"z":0.16110026836395265,"w":-0.8354503512382507},"size":0.2519395351409912,"orthographic":false}