{"cameraMode":{"drawMode":0,"name":"Shaded","section":"Shading Mode"},"sceneLighting":true,"audioPlay":false,"sceneViewState":{"showFog":false,"showMaterialUpdate":false,"showSkybox":false,"showFlares":false,"showImageEffects":false,"showParticleSystems":false},"in2DMode":false,"pivot":{"x":-1.0380116701126099,"y":0.5477564334869385,"z":-0.39038777351379397},"rotation":{"x":-0.05591040849685669,"y":0.9249646067619324,"z":-0.1500389277935028,"w":-0.34467753767967226},"size":1.2715845108032227,"orthographic":false}